,0,1,2,3,4,5,6,7,8,9,10,11,class
0,-0.24415535503810668,-0.10791929234445971,-0.2249155111585568,-0.3480643493578919,-0.29563127467536116,-0.23176337203169692,-0.27595965610882994,-0.12094238447911715,-0.31549556408448226,-0.7071067811865475,-0.7669649888473703,1.5411035007422444,0
1,-0.2218034317085964,0.04654658125262632,-0.11887984435811878,-0.1887448410339252,-0.2257596677278916,-0.18431764634869718,-0.3362854649482958,0.00975499094012602,-0.25623264779969085,-0.7071067811865475,-0.7669649888473703,1.5411035007422444,0
2,-0.324117496495773,-0.25153641933844745,-0.36538657032414784,-0.3714477180152021,-0.30402574335456245,-0.3426088595626958,-0.3928109174896386,-0.06712041540274576,-0.33667965138846073,-0.7071067811865475,-0.7669649888473703,1.5411035007422444,0
3,-0.28067560615817905,-0.22776245575438678,-0.11289374789963073,0.07651471522856683,-0.2699540763625102,-0.3240250372166525,-0.3434838439058375,0.004611594577878935,-0.2935359561215349,-0.7071067811865475,-0.7669649888473703,1.5411035007422444,0
4,-0.2023935874575393,0.238919881615855,0.001482575847688895,-0.07589925799710402,-0.22744695593241107,-0.19914788721899723,-0.30301809600360124,0.018710011392252673,-0.25829266562610037,-0.7071067811865475,-0.7669649888473703,1.5411035007422444,0
5,-0.3227486562980316,-0.31660201028788637,-0.421432697428471,-0.37757425158928765,-0.2848905520003231,-0.3227136505077053,-0.4034044106706566,0.043600375930984155,-0.32981922958039955,-0.7071067811865475,-0.7669649888473703,1.5411035007422444,0
6,-0.33861909547849367,-0.38596609769981427,-0.4978404671552772,-0.46897488743977483,-0.292359160163436,-0.3516879772039013,-0.40766706286183063,0.03887028820498905,-0.3104603101138341,-0.7071067811865475,-0.7669649888473703,1.5411035007422444,0
7,-0.3103124591613791,-0.2308447164715287,-0.45218935118046644,-0.48646035701698626,-0.2921747287486312,-0.29224845419570583,-0.40393083757623843,0.0357015886603904,-0.3392031460351006,-0.7071067811865475,-0.7669649888473703,1.5411035007422444,0
8,-0.3537071217396712,-0.49560263863736026,-0.5504857252107666,-0.5152359057905075,-0.3024591873613409,-0.35811517463037257,-0.4160276528219718,-0.0030116536018801555,-0.33418885373531837,-0.7071067811865475,-0.7669649888473703,1.5411035007422444,0
9,-0.19813219040668562,-0.11160178278020298,-0.2468253003087518,-0.24142241042020318,-0.186404423390695,-0.17754594693250925,-0.3425870761569182,0.4327074953713381,-0.3353372888516657,-0.7071067811865475,-0.7669649888473703,1.5411035007422444,0
10,0.2508756928669581,2.0831219608607214,1.4912574011443913,1.0580247906788947,0.04261643386892603,0.3796619150610016,-0.0840028839077173,-0.021518695869608553,-0.34217515758490086,-0.7071067811865475,-0.7669649888473703,1.5411035007422444,0
11,-0.24587620456732473,-0.09956474355852232,-0.2824977274576292,-0.32099605295497435,-0.22872242137937443,-0.24381655869481464,-0.3680116536870908,-0.02014100041543522,-0.30291311358177125,-0.7071067811865475,-0.7669649888473703,1.5411035007422444,0
12,-0.3212111728464269,-0.4100213986864383,-0.48021044273891916,-0.4572798886258459,-0.28501474075754774,-0.28830377492414,-0.3898249232553991,0.022567558663937996,-0.1133957670323914,-0.7071067811865475,-0.7669649888473703,1.5411035007422444,0
13,-0.35992618597418313,-0.5395033568685421,-0.5932391433871167,-0.5485236149270023,-0.35004837640973235,-0.35536332254075853,-0.4158842825822422,0.0817625400115854,-0.2590671888563481,-0.7071067811865475,-0.7669649888473703,1.5411035007422444,0
14,-0.3400990260736212,-0.47056725985480924,-0.5451001039667789,-0.4846281290545871,-0.2936803013958597,-0.34529409040239,-0.41324549147336503,-0.002322805874793497,-0.3325888888622438,-0.7071067811865475,-0.7669649888473703,1.5411035007422444,0
15,-0.33861087364185405,-0.4667674407315043,-0.5203990484959886,-0.46816569810360986,-0.29054521424031565,-0.3326814167292552,-0.4042022915975329,-0.09752156175817056,-0.3464904420464526,-0.7071067811865475,-0.7669649888473703,1.5411035007422444,0
16,-0.2671000154276809,-0.24921661258817743,-0.3701919746763079,-0.3497215919948052,-0.2341541364070929,-0.2961931334672716,-0.3713078810885241,0.20387228043314817,-0.3340644159493946,-0.7071067811865475,-0.7669649888473703,1.5411035007422444,0
17,-0.34072063516467543,-0.4497923765045898,-0.5153998503747751,-0.47591132523900603,-0.29381263772562594,-0.3468487323330838,-0.4065965645392828,0.002223589123978499,-0.33660666710235065,-0.7071067811865475,-0.7669649888473703,1.5411035007422444,0
18,-0.3493566229243047,-0.5269891372957685,-0.5807883821888972,-0.5299191080485132,-0.29370548480189734,-0.35284311078392483,-0.41618989507362764,0.011454148666939798,-0.3022824048444415,-0.7071067811865475,-0.7669649888473703,1.5411035007422444,0
19,-0.0076341475222452835,0.0038937707760712302,-0.18091814040949383,-0.18532962140373718,-0.03811860313398047,-0.16514212211191903,-0.2815341583318421,-0.006226276328284587,-0.3373241453546991,-0.7071067811865475,-0.7669649888473703,1.5411035007422444,0
20,-0.33446553833147097,-0.3809405121565764,-0.46984796011515684,-0.449649553586053,-0.3002176173278565,-0.3443699397086015,-0.3778665980344582,-0.034836418593284076,-0.34445066596365137,-0.7071067811865475,-0.7669649888473703,1.5411035007422444,0
21,0.17668795760733466,1.5938536280765048,1.0029541970426683,0.38804383601460535,-0.02552690011517854,0.12172372047028254,-0.11856479769039238,-0.08176991039878884,-0.31823266790370025,-0.7071067811865475,-0.7669649888473703,1.5411035007422444,0
22,-0.25142116416147187,0.552536178427338,0.3146094469939393,-0.06194628233785752,-0.38155113056836254,-0.14541872575409004,-0.1640818201895956,-0.022529005869335657,-0.33490529233992866,-0.7071067811865475,-0.7669649888473703,1.5411035007422444,0
23,-0.35165739874486923,-0.41089558460430664,-0.511737163164378,-0.48478403984227164,-0.3038109437148299,-0.3482900743091442,-0.4032216154716741,0.013979923666257572,-0.13345495105797706,-0.7071067811865475,-0.7669649888473703,1.5411035007422444,0
24,-0.34537744519624275,-0.4853586640318149,-0.5562387382731634,-0.5116858321026099,-0.29265173208651996,-0.3480965658759891,-0.4128537736258506,0.047825308657115706,-0.2752725771165287,-0.7071067811865475,-0.7669649888473703,1.5411035007422444,0
25,-0.31363886130135765,-0.40644707126822943,-0.49631105143765064,-0.4741292044951583,-0.26938103042708583,-0.30409366860167264,-0.3940639201675746,0.06564350319775741,-0.33829525227830476,-0.7071067811865475,-0.7669649888473703,1.5411035007422444,0
26,-0.31069487016787206,0.2532324403680278,0.019160967322442927,-0.08703238656721203,-0.6835051068819854,-0.32709312109453703,-0.32869929453176194,0.06720489137915386,-0.3405609577757356,-0.7071067811865475,-0.7669649888473703,1.5411035007422444,0
27,-0.12713758705127792,1.1927947302894426,0.702459917595454,0.1211302866105665,-0.5667232337860381,-0.1750038202908335,-0.15603514741550856,-0.0063640458737019255,-0.33512327465557473,-0.7071067811865475,-0.7669649888473703,1.5411035007422444,0
28,-0.2215931056550253,-0.0972124919585982,-0.17184070905119259,-0.07055744505907377,-0.2462520471506477,-0.2552122988126714,-0.3476526020900031,-0.3269078548780299,-0.24832993020989608,-0.7071067811865475,-0.7669649888473703,1.5411035007422444,0
29,0.29638260263961375,1.1422618769531416,1.0655571719275045,0.555782786833165,-0.00034349407757467624,0.30274066926546855,0.010957549612984644,-0.4039210307663191,-0.2550643722159103,-0.7071067811865475,-0.7669649888473703,1.5411035007422444,0
30,-0.33778046814125473,-0.5139893782727257,-0.565711732788572,-0.5132530312229175,-0.28433478879453244,-0.336477513081592,-0.4056131738732111,-0.17627981855507924,-0.2788294407289223,-0.7071067811865475,-0.7669649888473703,1.5411035007422444,0
31,-0.273295073732866,-0.35109344050213237,-0.44721241467712197,-0.42023889094315003,-0.2350182728887754,-0.631907254362363,-0.3790443206954174,0.0560455582003499,-0.18151147851212587,-0.7071067811865475,-0.7669649888473703,1.5411035007422444,0
32,-0.2923582624065373,-0.15865898159730565,-0.31448033526679436,-0.3331524151210385,-0.2851628784401219,-0.30357844965903646,-0.37443929711988566,-0.013987294053461016,-0.33889043909237043,-0.7071067811865475,-0.7669649888473703,1.5411035007422444,0
33,-0.34374665345905375,-0.33707694100305347,-0.45638930964192026,-0.43821431943172184,-0.29791901428658113,-0.3338174843594662,-0.36931773532097634,-0.02413631723253788,-0.3243616996593605,-0.7071067811865475,-0.7669649888473703,1.5411035007422444,0
34,-0.2738136230576704,-0.3228918093978973,-0.4127538592112615,-0.4281185272674606,-0.2544183837986848,-0.3028802414279693,-0.3864330083114595,0.019261089573921995,-0.31417613906973557,-0.7071067811865475,-0.7669649888473703,1.5411035007422444,0
35,-0.09348541847990233,0.39789591376336103,0.12046510128108501,-0.05122294762841841,-0.14699979982597364,-0.11649107776260752,-0.25288606429879723,-0.02413631723253788,-0.3355659631570763,-0.7071067811865475,-0.7669649888473703,1.5411035007422444,0
36,-0.35315625868481815,-0.5358551385804411,-0.5867908555856151,-0.5323619486852307,-0.2945335744474868,-0.3544737973650205,-0.41901233826003725,-0.06202294222230444,-0.3302575954879005,-0.7071067811865475,-0.7669649888473703,1.5411035007422444,0
37,-0.34557285722056064,-0.5230917808431907,-0.5699989597970152,-0.510789816250252,-0.288738675201324,-0.3428898083863707,-0.4138741499023237,0.009892760485543358,-0.2377659921251762,-0.7071067811865475,-0.7669649888473703,1.5411035007422444,0
38,-0.30583863279641865,-0.45251336382083307,-0.49239469697302013,-0.43592167047084374,-0.26297284117506614,-0.31525930242868805,-0.3440649009332049,0.11620492636591863,-0.341437778996586,-0.7071067811865475,-0.7669649888473703,1.5411035007422444,0
39,0.2508756928669581,2.0831219608607214,1.4912574011443913,1.0580247906788947,0.04261643386892603,0.3796619150610016,-0.0840028839077173,0.019766244573785563,-0.338392288378798,-0.7071067811865475,-0.7669649888473703,1.5411035007422444,0
40,-0.23574231289526276,0.16015627792275447,-0.13441665066503744,-0.2561036304860353,-0.24921480080213052,-0.7119184989206225,-0.33616428011736077,-0.02905009768575609,-0.32883079375579016,-0.7071067811865475,-0.7669649888473703,1.5411035007422444,0
41,-0.35468991802635796,-0.5436050775930739,-0.594288738764002,-0.5393081999604686,-0.29617592755495875,-0.35396646778092744,-0.4202421703982985,0.022567558663937996,-0.1133957670323914,-0.7071067811865475,-0.7669649888473703,1.5411035007422444,0
42,-0.3247677864123142,-0.4489411858739138,-0.4023553423151555,-0.46563642089014345,-0.2817026290713276,-0.3225747101378068,-0.3842550745298949,-0.01251775223567613,-0.29587331727095056,-0.7071067811865475,-0.7669649888473703,1.5411035007422444,0
43,-0.030387602408573095,1.6954465635559859,1.1406807417893081,0.6467036671877426,-0.18699697412099153,0.24532367097934418,-0.20911410336505867,0.06270441956218767,-0.3448354137639432,-0.7071067811865475,-0.7669649888473703,1.5411035007422444,0
44,-0.11748629806941,0.4991130973277855,0.1370736579974371,-0.1785536436857036,-0.16625695787219902,-0.07826362923956022,-0.25838630445741234,-0.008935744054825468,-0.3328428862863399,-0.7071067811865475,-0.7669649888473703,1.5411035007422444,0
45,-0.27391763885143644,0.04563869324717975,-0.10865773012464326,-0.030335906301558257,-0.2733242086410718,-0.32283462067203333,-0.3658415726825708,0.22260893860990544,0.13925794575194428,-0.7071067811865475,-0.7669649888473703,1.5411035007422444,0
46,-0.32343565767119614,-0.46783065845467,-0.5088568879340915,-0.4574225739673888,-0.27318915645379177,-0.32551261959972966,-0.3992800546085456,-0.015502759053051688,-0.2810780095030445,-0.7071067811865475,-0.7669649888473703,1.5411035007422444,0
47,-0.2127976525056885,0.16518522961914398,-0.10593229709243694,-0.2658196216318604,-0.29118714419813696,-0.2554314476610917,-0.2408645290700407,-0.04989922222557914,-0.3052778984592574,-0.7071067811865475,-0.7669649888473703,1.5411035007422444,0
48,9.882661713403742,9.549492987516414,8.189775713821874,3.550160272106208,9.850565500965137,8.498250153640251,7.674201518621546,-0.029647099049231195,7.622084008713185,-0.7071067811865475,1.3038404810405297,-0.6488856845230502,2
49,4.12737606568553,1.6121849681310858,3.5947173572748907,4.39502906739535,4.765245754332522,5.022549417693945,1.7757480055538706,0.05792840865438677,6.348285431091121,-0.7071067811865475,1.3038404810405297,-0.6488856845230502,2
50,2.2814781373442807,2.1221368925698076,4.183185321192352,3.387685503781373,0.48184466270125226,1.2472722059570567,4.9596613056765175,0.17549175407717754,4.215413394142549,-0.7071067811865475,1.3038404810405297,-0.6488856845230502,2
51,2.0179969538706692,-0.5489664673302319,1.528819186075293,3.777624947760977,1.9726035416723515,2.7324439517015793,0.9852835903307535,0.007045523213585139,2.33137642817131,-0.7071067811865475,1.3038404810405297,-0.6488856845230502,1
52,0.2112961536949425,-0.10512092406179135,-0.09094514490500713,0.22911101763925182,0.3109925354657437,-0.022476221790289366,-0.07663484618686651,0.2453409136037654,1.442679746109405,-0.7071067811865475,1.3038404810405297,-0.6488856845230502,1
53,4.332539570668973,0.030498547492454363,3.744964496998498,7.41705975823728,4.377865714401144,5.241479117265846,2.7355803404918078,0.022843097754772657,5.015240407998263,-0.7071067811865475,1.3038404810405297,-0.6488856845230502,2
54,-0.2076351039180343,-0.40369465300388374,-0.40483646097757625,-0.29828208034316245,-0.15811012601903418,-0.19406977010340154,-0.29549465085555937,-0.011737058144977918,-0.25032778302502356,-0.7071067811865475,1.3038404810405297,-0.6488856845230502,1
55,1.371339941891168,1.1525225606562588,1.478736806167424,1.8987017369452557,1.4723919668470042,1.3851168316134392,0.21493585704285387,-0.009486822236494805,1.0516532060021668,-0.7071067811865475,1.3038404810405297,-0.6488856845230502,1
56,0.20422155007482376,0.013181108989564733,-0.15632769187473014,-0.3263902152633589,0.2986477285845653,0.20193219899212042,-0.17930263495503737,0.10862760136796532,0.7050614999980238,-0.7071067811865475,1.3038404810405297,-0.6488856845230502,1
57,0.3179888245064628,-0.16360276556335307,0.6020572664751536,0.8433631267681229,0.4383909424795044,0.3956597809956851,0.20436853978531785,0.0021317427603669294,0.37920604990865864,-0.7071067811865475,1.3038404810405297,-0.6488856845230502,1
58,-0.07264401862603903,-0.38179437948734885,-0.27234352493130876,-0.07582162755279842,0.0018785711610374294,1.0840063138839167,-0.23020026394775664,0.09664165091665733,0.3732814053615793,-0.7071067811865475,1.3038404810405297,-0.6488856845230502,1
59,1.1541304902031984,2.67361822456581,1.290927881512915,1.0798289045880876,0.6477588671842894,1.1966488219719622,0.297147646349189,-0.01316067678095702,0.3229219267114046,-0.7071067811865475,1.3038404810405297,-0.6488856845230502,1
60,0.5592054655655474,0.07937525347816039,-0.06455352113864186,-0.04655611986791684,0.06041048540359415,-0.33731005955674087,-0.05819211455832087,0.11349545863937772,0.319959604437865,-0.7071067811865475,1.3038404810405297,-0.6488856845230502,1
61,1.2168458952680348,1.0856050582446244,1.5037779961213584,2.3831690011362485,1.3872127993668735,1.8142102768204298,0.5093665222826413,-0.050542146770860025,0.2814494148818491,-0.7071067811865475,1.3038404810405297,-0.6488856845230502,1
62,-0.43344880325209434,-0.11943721397167435,0.4950687823969684,1.309763196721394,-0.18181215523089664,-1.0588311259699923,-0.08826858995663092,0.4686653467252621,0.30514799307016655,-0.7071067811865475,1.3038404810405297,-0.6488856845230502,1
63,0.20482556825957932,-0.54633141830951,-0.05284819218300485,0.11717236875921985,0.14483736035238584,-0.23902355423101376,0.30447462664931896,0.066975275470125,0.3229219267114046,-0.7071067811865475,1.3038404810405297,-0.6488856845230502,1
64,0.9166532551711047,0.7281439271802939,0.43301671369111866,0.10244568825321049,1.0847650307780035,0.11668329695661514,0.48416007744815176,-0.04842968040779425,0.2044290357698173,-0.7071067811865475,1.3038404810405297,-0.6488856845230502,1
65,-0.09501506250587394,-0.2265863299544247,0.3335280660041368,0.17360963677948818,-0.028983446041908483,-0.023791114880811298,-0.12127933790333742,0.09475880046262046,0.2577508366935316,-0.7071067811865475,1.3038404810405297,-0.6488856845230502,1
66,0.1416973505132339,-0.2351031029886327,-0.30829015311018176,-0.1493577076966187,0.18112516707574727,0.17673008142378338,-0.19588071982695165,0.005300442304965593,0.12740865665778556,-0.7071067811865475,1.3038404810405297,-0.6488856845230502,1
67,-0.15390635750578122,-0.5362724199030552,-0.4600397642310249,-0.31231990032642815,-0.06947441261217352,-0.16930595023190514,-0.21187711751037772,0.07423113819543785,0.08889846710176966,-0.7071067811865475,1.3038404810405297,-0.6488856845230502,1
68,-0.3061059380899572,-0.4663537688984142,-0.41350071270163763,-0.2279305056585089,-0.24106722826055277,-0.3235867395198119,-0.323658005564864,0.23317127042523428,0.09482311164884903,-0.7071067811865475,1.3038404810405297,-0.6488856845230502,1
69,0.45355352630819745,-0.10674316654449764,0.04700677055121811,0.25172750539006883,0.5480128275843683,0.14780243343230087,0.17266658801270987,-0.047097908135426705,0.02076505481035694,-0.7071067811865475,1.3038404810405297,-0.6488856845230502,1
70,0.4416987851069174,2.631886036698191,0.7400217025263558,-0.8724354166494641,-0.6052390312553145,-1.1622693824243842,0.08124475155531125,0.009433528667485591,0.30811031534370625,-0.7071067811865475,1.3038404810405297,-0.6488856845230502,1
71,-0.35457595954642307,-0.5120452017693264,-0.4301967007327139,-0.17472726540679273,-0.013816122515417495,-0.3461884368527934,-0.3664730910735395,0.0792826881940734,0.01780273253681726,-0.7071067811865475,1.3038404810405297,-0.6488856845230502,1
72,0.3177976190032164,1.6613794714191539,1.2032837166741444,0.17809394038525364,-0.018366912124095087,0.2394066520719955,0.4330685527259364,0.021970557300462875,2.879889557915679e-05,-0.7071067811865475,1.3038404810405297,-0.6488856845230502,1
73,0.4742037206588143,-0.26418179949114295,0.1671543999501959,0.9475744431716719,0.27198294572122006,0.5076448425384696,-0.048326069680439794,-0.036535576320097844,-0.06453960697567304,-0.7071067811865475,1.3038404810405297,-0.6488856845230502,1
74,-0.3183430902977301,-0.48500955744953644,-0.48101176081744507,-0.42936672342763926,-0.28180509096844136,-0.2852356910462555,-0.3476526020900031,2.092876440832006,-0.0444060352075161,-0.7071067811865475,1.3038404810405297,-0.6488856845230502,1
75,-0.07874213574107813,-0.34637547268967767,-0.4047919878242181,-0.35508186206651715,-0.006085310654148357,-0.25509746481609913,-0.21229084252318994,-0.0007154945115912729,-0.08791636412430405,-0.7071067811865475,1.3038404810405297,-0.6488856845230502,1
76,-0.16643031796842384,-0.4278863440272413,0.15139347499318953,-0.3703331411044937,-0.12440880323341724,-0.3286490779183213,-0.23517853680256834,0.06311772819843965,-0.07158033392965918,-0.7071067811865475,1.3038404810405297,-0.6488856845230502,1
77,-0.20142321952856357,0.00015247405032985253,0.7149805125724212,1.924927894128992,-0.25998589170209624,0.05695384002195952,-0.19412906580668413,0.008147679576923812,-0.17352322668385117,-0.7071067811865475,1.3038404810405297,-0.6488856845230502,1
78,-0.08927889740848038,0.2532324403680278,0.42312544365931454,0.9864709027086375,-0.2583499578942025,0.04633651661369176,-0.2509471070038365,1.312963044224484,-0.14236503646666882,-0.7071067811865475,1.3038404810405297,-0.6488856845230502,1
79,-0.29455827292689096,-0.364171716061338,-0.32399295746530504,-0.03447686822689966,-0.312798456916603,-0.29736229257359403,-0.362231379621151,-0.7200562143172924,-0.16189190246614726,-0.7071067811865475,1.3038404810405297,-0.6488856845230502,1
80,-0.18361510377820198,-0.4093142631882266,-0.4601214360720597,-0.4187431482259516,-0.03357151696736723,-0.16606320472182964,-0.3199333655491092,0.002912436851065157,-0.17443821985630045,-0.7071067811865475,1.3038404810405297,-0.6488856845230502,1
81,-0.385408994177933,-0.5489664673302319,-0.5225116359658574,-0.38151199007440834,-0.3355928959265613,-0.3519581877340036,-0.40473351742241975,-0.43358740621285136,-0.11129384226662857,-0.7071067811865475,1.3038404810405297,-0.6488856845230502,1
82,-0.07665933419421453,0.30226471940782534,0.34896595961073745,0.4825066663186644,-0.19168800073583933,-0.20678040331178021,-0.21914820736648047,0.1573061740820896,-0.13863970990860722,-0.7071067811865475,1.3038404810405297,-0.6488856845230502,1
83,-0.19367710218104328,-0.15991216391519625,-0.3491448545200259,-0.32525289188508505,-0.1692204522120947,-0.15286978660038097,-0.2822612673174523,0.06692935228831919,-0.18940867754436008,-0.7071067811865475,1.3038404810405297,-0.6488856845230502,1
84,-0.31451898023280106,-0.44243380349090994,-0.49286876426063303,-0.5026135984838414,-0.26360884562558445,-0.2961054739279035,-0.366373234772849,0.09834080864347111,-0.18221476185824453,-0.7071067811865475,1.3038404810405297,-0.6488856845230502,1
85,-0.3316483164466377,-0.35663072188047784,-0.42552767070104297,-0.4480245134482217,-0.29733880836316573,-0.2731903937416809,-0.2345761512449564,0.47183404626986075,-0.18594134995383185,-0.7071067811865475,1.3038404810405297,-0.6488856845230502,1
86,-0.0179592446975537,-0.21705565536852525,-0.062247941217798176,0.14689878486688532,0.09471151890749872,-0.016120905186100026,-0.05079824023151473,-0.044893595408749376,-0.19769952787938969,-0.7071067811865475,1.3038404810405297,-0.6488856845230502,1
87,-0.17991030594729873,-0.40268075145219234,-0.2994756542463968,0.006585574941557865,-0.13959291569726662,-0.24118677251377077,-0.3206041478253009,0.014485078666121122,-0.15787035920626272,-0.7071067811865475,1.3038404810405297,-0.6488856845230502,1
88,-0.2733379037655932,-0.5408482792740248,-0.38051495482291786,-0.200073426750328,-0.1978865751670166,-0.1929481662971863,-0.30922062649445115,0.05081031547449125,-0.20571651839578053,-0.7071067811865475,1.3038404810405297,-0.6488856845230502,1
89,-0.30625068065591476,-0.4884036537279166,-0.5246139690684399,-0.4338658122373223,-0.23945129303980653,-0.32860152261821407,-0.3755847361418837,0.16851143044269937,-0.21029120234862778,-0.7071067811865475,1.3038404810405297,-0.6488856845230502,1
90,-0.3565841909470206,-0.4000405518115878,-0.4691372285412893,-0.5273422582228813,-0.3229379874965277,-0.22630656570603092,-0.3604788045961684,-0.5506455966357786,-0.19468750193202938,-0.7071067811865475,1.3038404810405297,-0.6488856845230502,1
91,-0.22897363808033835,-0.3360998643557195,-0.41279830732342976,-0.3509921446831054,-0.19205834494227467,-0.27629441803070637,-0.2843214094433481,0.053382013655614804,-0.20854136723162894,-0.7071067811865475,1.3038404810405297,-0.6488856845230502,1
92,-0.3672484866850882,-0.4740103884122292,-0.48147648774120516,-0.4072111440996061,-0.2866412925122118,-0.413711045986124,-0.35660753093498215,9.249728786171618,-0.20262175713940417,-0.7071067811865475,1.3038404810405297,-0.6488856845230502,1
93,-0.2336008112589025,-0.21638242473820216,-0.39666051245761663,-0.35888841842369235,-0.23761068233382285,-0.22130997196204755,-0.3409728942088634,0.1982696522528433,-0.22504373220703494,-0.7071067811865475,1.3038404810405297,-0.6488856845230502,1
94,-0.18947058110962134,-0.521631681496631,-0.38392706736604093,-0.16901715466392375,-0.16304804877150553,-0.14761021423829326,-0.1909848526571758,0.014209539575286463,-0.21318559495247738,-0.7071067811865475,1.3038404810405297,-0.6488856845230502,1
95,-0.3183790369323405,-0.5348778997088588,-0.5469217378505729,-0.45870115290924424,-0.2538300303027278,-0.2904332442842403,-0.38454635438953033,0.1813699213483171,-0.22316125943016918,-0.7071067811865475,1.3038404810405297,-0.6488856845230502,1
96,0.15833222929567523,0.05872556669154378,0.36715838411227086,-0.6514372367740237,1.232902713352144,0.8929085180613958,1.195660456833993,-0.08140252494434261,-0.23074466257000548,-0.7071067811865475,1.3038404810405297,-0.6488856845230502,1
97,-0.19386658683476052,-0.08917079263545072,-0.02680871015036678,0.3054425411620082,-0.22409657534485927,-0.15419147330520394,-0.3141892530367204,0.11289845727590264,-0.2220527279383028,-0.7071067811865475,1.3038404810405297,-0.6488856845230502,1
98,-0.25868697328483703,-0.31808080597905936,-0.45667172418222074,-0.5527500624935189,-0.22156243338829096,-0.27296335553471746,-0.31881061232746216,0.054530093200759244,-0.2270593754618634,-0.7071067811865475,1.3038404810405297,-0.6488856845230502,1
99,-0.32094348514188187,-0.5081832913149958,-0.52492649563966,-0.5078712819868331,-0.2570907875923223,-0.26796676179073414,-0.37890859368477015,0.3219867040376083,-0.1989847925904561,-0.7071067811865475,1.3038404810405297,-0.6488856845230502,1
100,-0.3901568180290456,-0.4576310116249645,-0.5106459432297553,-0.43241747965752103,-0.3151259468059804,-0.317529903647171,-0.3692006707742931,-0.4907158443792387,-0.19212331895654988,-0.7071067811865475,1.3038404810405297,-0.6488856845230502,1
101,-0.26291261490658363,-0.5162620588788731,-0.4783811838127842,-0.4428261332356686,-0.21536534033393942,-0.40265564402986403,-0.3672118338029195,0.06040826047189879,-0.2172634994092601,-0.7071067811865475,1.3038404810405297,-0.6488856845230502,1
102,-0.20706148740829494,-0.18063631163176908,-0.2333669127680097,-0.1885466218165689,-0.23217896730610435,-0.29948036619357643,-0.29971188297209894,-0.08172398721698304,-0.2296744473422298,-0.7071067811865475,1.3038404810405297,-0.6488856845230502,1
103,-0.2856469492425868,-0.47284273882923933,-0.436676334004004,-0.28892353368765195,-0.22477208317739733,-0.40401436689007003,-0.33243178732456136,0.13833989999630344,-0.23022194536225338,-0.7071067811865475,1.3038404810405297,-0.6488856845230502,1
104,-0.36067694474401085,-0.5189896568332334,-0.5583687919730249,-0.5133927595236769,-0.30981669226252323,-0.320505945008719,-0.4025226213668408,-0.9457227297108838,-0.23931772838318305,-0.7071067811865475,1.3038404810405297,-0.6488856845230502,1
105,-0.3873837646154623,-0.5077634955165334,-0.4372041146440681,-0.18410296939783832,-0.3526911941454062,-0.3654816440211732,-0.38506594647064746,-0.28351044807157,-0.24601958462497647,-0.7071067811865475,1.3038404810405297,-0.6488856845230502,1
106,-0.35614403587854726,-0.519172240224662,-0.5722096085667435,-0.5130928311013492,-0.29871352605745377,-0.3405972922830457,-0.40783357081953536,-4.04167995432919,-0.24747778451149655,-0.7071067811865475,1.3038404810405297,-0.6488856845230502,1
107,-0.2895207727383599,-0.5489664673302319,-0.5123010907621406,-0.3780349325473959,-0.21334795199341725,-0.26889682950342997,-0.3700109125539248,0.09338110500844714,-0.21451131228928708,-0.7071067811865475,1.3038404810405297,-0.6488856845230502,1
108,0.7399793701713828,0.7710116847858075,0.9027894372269302,0.9541709187656603,0.7005946406357328,0.6621447806747968,0.5649176487832663,0.041579755931529946,0.8146674241189921,1.4142135623730951,-0.7669649888473703,-0.6488856845230502,3
109,0.37190877642196235,1.1242549853951018,0.5679136039729639,-0.02844398510927655,0.2517374624360875,0.5856618325761043,0.5576950328595376,0.03932952002304683,0.3643944385409602,1.4142135623730951,-0.7669649888473703,-0.6488856845230502,3
110,0.3625397067628862,1.1425457693876153,0.5347590684739546,0.17650168765567026,0.31272080842910865,0.45680230970495495,0.06583004106037342,0.040477599568191275,0.42956552855883323,1.4142135623730951,-0.7669649888473703,-0.6488856845230502,3
111,0.31703279699023057,0.6314177191489313,-0.07896293551204947,-0.8870581457986993,0.29988220927268316,0.49274272084588777,0.6269158082896358,-0.015502759053051688,0.12444633438424586,1.4142135623730951,-0.7669649888473703,-0.6488856845230502,3
112,0.5281236725743138,1.8192236649864757,2.342657859578165,1.8704311272567344,0.0971804802837344,0.8545574695878395,3.156140177768791,-0.014905757689576566,0.05335059981929346,1.4142135623730951,-0.7669649888473703,-0.6488856845230502,3
113,-0.9112713558649784,0.5917538904467625,-0.10431714034040816,-0.5853749959731458,-0.9694108342500762,0.3158896001706879,-0.09200108274943034,0.05815802456341567,-0.07267948346842694,1.4142135623730951,-0.7669649888473703,-0.6488856845230502,3
114,-0.02312179328520791,0.2616275452160328,0.24316693205536413,0.35584133693262304,0.013235793491721524,-0.15199319120669968,-0.07280540552931906,0.0027287441238420507,-0.06659571916679122,1.4142135623730951,-0.7669649888473703,-0.6488856845230502,3
115,-0.14090438328502247,-0.236847013657542,-0.4008549117749007,-0.5249993720636371,-0.14082739638538447,-0.13752936721095843,-0.20698125034060186,0.02523110320867309,-0.13860531377148844,1.4142135623730951,-0.7669649888473703,-0.6488856845230502,3
116,-0.18832334809014262,-0.1863141603212411,-0.3771283842935477,-0.5288012816424382,-0.18156525909327306,-0.1839889230760667,-0.17809078664568692,0.013612538211811341,-0.20535200713429683,1.4142135623730951,-0.7669649888473703,-0.6488856845230502,3
117,-0.16968081152361353,-0.0350278819902594,-0.19299300220528107,-0.23470570349765452,-0.14991317424993175,-0.10816342152263529,-0.17741215159245066,-0.0103134395089988,-0.22419649891877463,1.4142135623730951,-0.7669649888473703,-0.6488856845230502,3
118,-0.1945625748665776,-0.09694543028988267,-0.32294092699296034,-0.48983034367167266,-0.20402959796722858,-0.33107900034960586,0.3767683100744033,0.17246082407799623,-0.2280623898341733,1.4142135623730951,-0.7669649888473703,-0.6488856845230502,3
119,-0.17226208581744062,-0.18663860881778235,0.055120116096292894,0.16967774738602717,-0.16749217924872972,1.5862954744632949,0.5650145966480143,-0.028636789049504084,-0.23239527803210233,1.4142135623730951,-0.7669649888473703,-0.6488856845230502,3
120,-0.17665981239210904,-0.30623843585530347,0.1966404011209538,-0.5627585082223288,-0.23143827889323365,0.03735141382845855,2.8062553338931266,-0.13485710856626779,-0.23265724127409648,1.4142135623730951,-0.7669649888473703,-0.6488856845230502,3
121,-0.016620806174828535,0.012572768058549873,0.6086305788380614,0.30921107842339546,0.5865286250536448,-0.11473788697524495,1.2223695935720773,-0.06404356222175865,-0.2105662273700719,1.4142135623730951,-0.7669649888473703,-0.6488856845230502,3
122,-0.17929844833691008,-0.12992095601616374,-0.28006497585360446,-0.17901585190663408,-0.18112084604555065,-0.4885400777257883,-0.29942103937785486,-4.2079218724661045,-0.21107225463788537,1.4142135623730951,-0.7669649888473703,-0.6488856845230502,3
123,-0.06442218198644159,0.007503260300092723,0.024206767098160734,-0.23488442574281185,-0.17810871316654311,0.01017695662433862,1.1234342975967058,0.06624050456123252,-0.24360582495010277,1.4142135623730951,-0.7669649888473703,-0.6488856845230502,3
124,-0.38641224945346714,-0.4486713258369156,-0.08481005336629317,0.2597212639916507,-0.2899526635100191,-0.3939335198627352,-0.3060134941807213,0.00015704594271849192,-0.246070790051036,1.4142135623730951,-0.7669649888473703,-0.6488856845230502,3
125,-0.2688799474574022,-0.5489664673302319,-0.506410939622961,-0.34127300152677476,-0.2141049355513711,-0.28054678228545427,-0.35256994321182067,0.04222268047681082,-0.21114825926927536,1.4142135623730951,-0.7669649888473703,-0.6488856845230502,3
126,-0.23149372661312662,-0.36612574768781986,-0.481497772752666,-0.4620470932982186,-0.1875087898142852,-0.27075762237536694,-0.30655451173994774,0.03597712775122506,-0.2237641008701781,1.4142135623730951,-0.7669649888473703,-0.6488856845230502,3
127,-0.17187967481094774,-0.008110823595955304,0.03047958518162133,0.24883545451388678,-0.16650459469823545,-0.18179743459186348,-0.26340490762395924,0.04764161592989258,-0.18652541109711446,1.4142135623730951,-0.7669649888473703,-0.6488856845230502,3
128,0.491412215950995,0.20926966908668734,0.30953860602826755,0.6076122379287873,0.37172898532114124,0.16358115051856406,0.8210539074475793,-0.07208011903776974,-0.24898477403841274,1.4142135623730951,-0.7669649888473703,-0.6488856845230502,3
129,-0.09176456895068426,0.4232434525556468,0.5884849415201211,1.0834358444448988,-0.1163846787606513,-0.2635399550526436,-0.1143960395062268,-0.005950737237449927,-0.21214678143093585,1.4142135623730951,-0.7669649888473703,-0.6488856845230502,3
130,-0.2879414152815442,-0.4762048363746481,-0.5072549278891685,-0.4300296204824046,-0.24047467753025623,-0.28758058372435297,-0.3573764729242312,0.04626392047571926,-0.27280626548015674,1.4142135623730951,-0.7669649888473703,-0.6488856845230502,3
131,-0.2935628570769899,-0.32506050426090316,-0.4383616060879038,-0.4016647754282549,-0.24491880800748042,-0.24204145302261001,-0.3458396770192148,0.05884687229050233,-0.27123065384368134,1.4142135623730951,-0.7669649888473703,-0.6488856845230502,3
132,-0.3040026775542462,-0.4325705691960557,-0.5211277471236482,-0.5322457467309247,-0.26230029609617955,-0.34637821975552535,-0.3334012659720417,0.1365948190876839,-0.2825133832271351,1.4142135623730951,-0.7669649888473703,-0.6488856845230502,3
133,-0.029919913747632275,-0.006819194131224558,0.8401864623420938,-0.5296881339178625,-0.08122765634760581,0.08723714278977014,5.2989788322946465,-0.055639619951301345,-0.26463466795467694,1.4142135623730951,-0.7669649888473703,-0.6488856845230502,3
134,-0.24817067060628217,-0.2434576517745701,-0.3692153682681044,-0.4309914711108876,-0.22156243338829096,-0.25499314996425104,-0.2453726047808244,-0.014216909962489907,-0.2797375053672785,1.4142135623730951,-0.7669649888473703,-0.6488856845230502,3
135,-0.2539259562540004,-0.1683802696749231,-0.31681667828949645,-0.2621801868213841,-0.22933966172343334,-0.3591984273881142,-0.2726682761006341,-0.025559935868516983,-0.29618777387674605,1.4142135623730951,-0.7669649888473703,-0.6488856845230502,3
136,-0.2859337574974565,-0.3612405672314602,-0.3963374811072109,-0.27493770563025016,-0.2466470809708454,-0.3191818476665634,-0.32157362647278126,-0.004527118601470826,-0.3012560118188242,1.4142135623730951,-0.7669649888473703,-0.6488856845230502,3
137,-0.19440483032639927,-0.27935763458048785,-0.28175074876130335,-0.09103686968716057,-0.15823949959514894,-0.1080989917611997,-0.08601445515337432,-0.02932563677659075,-0.2679354032734674,1.4142135623730951,-0.7669649888473703,-0.6488856845230502,3
138,-0.22254913317125757,-0.2863659654421514,-0.29782293570943713,-0.300654211960705,-0.13811153887152522,-0.40050798531534487,0.2633613154844982,-0.06881957312955954,-0.3071175300158727,1.4142135623730951,-0.7669649888473703,-0.6488856845230502,3
139,-0.2611726448270409,-0.08135507169014423,-0.09570297099625469,0.1520329875459501,-0.24970859307737764,-0.26156761541686074,-0.2720817415189085,0.4564497803649253,-0.24024182468014693,1.4142135623730951,-0.7669649888473703,-0.6488856845230502,3
140,-0.3019692070272202,-0.49296365567861783,-0.5254884199422263,-0.440040535827693,-0.26111223188193494,-0.32158985521300587,-0.3634591758542525,-0.0047567345104997175,-0.3155743471638399,1.4142135623730951,-0.7669649888473703,-0.6488856845230502,3
141,-0.3234865183350597,-0.43847958743931337,-0.5476513755228556,-0.5323367326011866,-0.28933542316596017,-0.3808065038423579,-0.372151327511832,0.13030334318029235,-0.3184618701541865,1.4142135623730951,-0.7669649888473703,-0.6488856845230502,3
142,-0.2169850530267858,-0.2561192543520927,-0.2535688927633464,-0.11281713230036333,-0.18551559729525013,-0.24158124044092735,-0.28411781892737725,-0.20810458354648312,-0.3148239096013943,1.4142135623730951,-0.7669649888473703,-0.6488856845230502,3
143,-0.268820864956899,-0.34428002207476593,-0.4506994003782073,-0.43908271457346437,-0.23291965571897505,-0.29224845419570583,-0.31255747505121384,-0.031208487230627635,-0.3064918430753945,1.4142135623730951,-0.7669649888473703,-0.6488856845230502,3
144,-0.3118421031873507,-0.32274475311684,-0.4354493156962612,-0.40830999345274066,-0.2837802600694299,-0.2961931334672716,-0.03848586140851407,0.8335709493539712,-0.3231732980906391,1.4142135623730951,-0.7669649888473703,-0.6488856845230502,3
145,-0.3149117163364693,-0.47955375319988486,-0.5339224179246612,-0.4752127487251166,-0.27345234773649846,-0.30850535406922214,-0.2627775579911747,0.009984606849154911,-0.32628224727993865,1.4142135623730951,-0.7669649888473703,-0.6488856845230502,3
146,-0.2944424023919236,0.022200777193411698,-0.2888030990880299,-0.36597556781802165,-0.27943488804725514,-0.2708156968201983,-0.2565603883727478,0.005621904577606038,-0.32540150289277364,1.4142135623730951,-0.7669649888473703,-0.6488856845230502,3
147,-0.3160486242587727,-0.46193315813303953,-0.5122130835000475,-0.4439894525768744,-0.2682258033991452,-0.3268739722461167,-0.3354856450641245,0.09067163728190625,-0.32690997902557495,1.4142135623730951,-0.7669649888473703,-0.6488856845230502,3
148,-0.339921204955602,-0.5121532025626125,-0.5580710647450676,-0.4983232897514558,-0.2877671388997753,-0.33524699229771193,-0.3711236801455028,0.027022107299098423,-0.3288095851842498,1.4142135623730951,-0.7669649888473703,-0.6488856845230502,3
149,-0.14197513410320262,-0.2246112497317298,-0.24990536667308574,-0.41715511984034465,-0.20771156006760885,-0.2139904004248088,0.38994614248600973,-0.011782981326783687,-0.3075404663271449,1.4142135623730951,-0.7669649888473703,-0.6488856845230502,3
150,-0.3150925967425404,-0.4369222346559153,-0.5639607025398532,-0.5875326608964996,-0.2683739410817193,-0.3360782238797702,-0.351583838005536,-0.04806229495334803,-0.3315287161350743,1.4142135623730951,-0.7669649888473703,-0.6488856845230502,3
151,-0.35780943581182384,-0.5489664673302319,-0.5813577437248797,-0.5107542992658962,-0.31178346689483255,-0.35098516684701736,-0.39186223415914667,0.16350580362586958,-0.3328473709460298,1.4142135623730951,-0.7669649888473703,-0.6488856845230502,3
152,-0.4349402061774167,-0.34567515060989334,-0.4659519891791489,-0.44854524508070276,-0.27257117542132,-0.23285911627379854,-0.4654927316912417,-0.048797065862240474,-0.33493124231563043,1.4142135623730951,-0.7669649888473703,-0.6488856845230502,3
153,-0.3644941714108231,-0.5031640325174405,-0.5817477852996022,-0.5374740223008496,-0.3108934063186996,-0.37083566953693015,-0.41578601026908735,-0.23478595217563994,-0.33503528580427333,1.4142135623730951,-0.7669649888473703,-0.6488856845230502,3
154,-0.355175580004604,-0.5489664673302319,-0.590187254782042,-0.520693205793863,-0.2978706226436069,-0.3573805876904676,-0.4157298774553982,-0.8112596533835668,-0.3351771358509496,1.4142135623730951,-0.7669649888473703,-0.6488856845230502,3
155,-0.35124573329637965,-0.5349442494264015,-0.5728595276108079,-0.5003761259542864,-0.29256704671131506,-0.34712639392403233,-0.39889425058078076,0.07593029592225162,-0.3364343729675124,1.4142135623730951,-0.7669649888473703,-0.6488856845230502,3
156,-0.34804915969310546,-0.530681361186408,-0.5669071991969729,-0.5119028983930918,-0.2931279947359958,-0.3429537998501094,-0.3836745507157836,0.04571284229404993,-0.29439855520056457,1.4142135623730951,-0.7669649888473703,-0.6488856845230502,3
157,-0.330962653511996,-0.46310928393300155,-0.5404219839831547,-0.4891574381711785,-0.2810644025555707,-0.33257184230504505,-0.37707627904103225,0.04644761320294237,-0.33945207148060585,1.4142135623730951,-0.7669649888473703,-0.6488856845230502,3
158,-0.315694320461257,-0.4159158573034136,-0.48908951031100034,-0.459579134062318,-0.282366779681535,-0.30878476885095807,-0.23540801239842693,0.09581503364415332,-0.30760703917028864,1.4142135623730951,-0.7669649888473703,-0.6488856845230502,3
159,-0.326756132440574,-0.5009480898421258,-0.5088200022612893,-0.40535295266922866,-0.2741513107021108,-0.31942291139982576,-0.3106185177562531,-0.006547738600925032,-0.32723494073710974,1.4142135623730951,-0.7669649888473703,-0.6488856845230502,3
160,-0.14147799979476183,-0.3239614349788697,-0.32948752040618734,-0.34660207644296837,-0.12650742040321755,-0.37311437926280466,-0.20804767685283027,-5.528902197109298,-0.32666884715966377,1.4142135623730951,-0.7669649888473703,-0.6488856845230502,3
161,-0.17261056742650302,-0.5247078659626077,-0.2872665631459313,-0.023564014434008608,-0.13540476271608967,-0.11398192907793978,-0.2554247487924446,-0.06877364994775374,-0.33358452474740585,1.4142135623730951,-0.7669649888473703,-0.6488856845230502,3
